{
  "base": {
    "100": {
      "value": "#ffffff",
      "type": "color"
    },
    "110": {
      "value": "#ffffff17",
      "type": "color"
    },
    "150": {
      "value": "#ffffffcf",
      "type": "color"
    },
    "170": {
      "value": "rgba(255,255,255,0.8)",
      "type": "color"
    },
    "300": {
      "value": "#F6F6F6",
      "type": "color"
    },
    "500": {
      "value": "#e9eaeb",
      "type": "color"
    },
    "600": {
      "value": "#a9a9a9",
      "type": "color"
    },
    "800": {
      "value": "#414d54",
      "type": "color"
    },
    "900": {
      "value": "#27311c",
      "type": "color"
    },
    "910": {
      "value": "#27311c1f",
      "type": "color"
    },
    "950": {
      "value": "rgba(49,49,49,0.55)",
      "type": "color"
    },
    "970": {
      "value": "#27311cc2",
      "type": "color"
    }
  },
  "signal": {
    "pain": {
      "value": "#cb4f4f",
      "type": "color"
    },
    "peace": {
      "value": "#98bc00",
      "type": "color"
    },
    "dark sleep": {
      "value": "#12466a",
      "type": "color"
    },
    "dark-fun": {
      "value": "#dc9a35",
      "type": "color"
    },
    "fun": {
      "value": "#ffb546",
      "type": "color"
    },
    "stress": {
      "value": "#ff7600",
      "type": "color"
    },
    "happy": {
      "value": "#ffcf4a",
      "type": "color"
    }
  },
  "sleep": {
    "50": {
      "value": "#d8e9f2",
      "type": "color"
    },
    "100": {
      "value": "#9bc8e7",
      "type": "color"
    },
    "200": {
      "value": "#75a3c2",
      "type": "color"
    },
    "300": {
      "value": "#16547f",
      "type": "color"
    },
    "400": {
      "value": "#144d75",
      "type": "color"
    },
    "500": {
      "value": "#12466a",
      "type": "color"
    },
    "600": {
      "value": "#103f5f",
      "type": "color"
    },
    "700": {
      "value": "#0e3855",
      "type": "color"
    },
    "800": {
      "value": "#0d314a",
      "type": "color"
    },
    "900": {
      "value": "#0b2a40",
      "type": "color"
    }
  },
  "relax": {
    "50": {
      "value": "#e0eef1",
      "type": "color"
    },
    "100": {
      "value": "#47c3ec",
      "type": "color"
    },
    "200": {
      "value": "#3bb4e7",
      "type": "color"
    },
    "300": {
      "value": "#37acdd",
      "type": "color"
    },
    "400": {
      "value": "#34a4d3",
      "type": "color"
    },
    "500": {
      "value": "#2f99c6",
      "type": "color"
    },
    "600": {
      "value": "#2a8ab2",
      "type": "color"
    },
    "700": {
      "value": "#267a9e",
      "type": "color"
    },
    "800": {
      "value": "#216b8b",
      "type": "color"
    },
    "900": {
      "value": "#1c5c77",
      "type": "color"
    },
    "960": {
      "value": "#1c5c77b5",
      "type": "color"
    }
  }
}