{
  "Primary": {
    "value": "{sleep.400}",
    "type": "color"
  },
  "Secondary": {
    "value": "{sleep.800}",
    "type": "color"
  },
  "tertiary": {
    "value": "{relax.960}",
    "type": "color"
  },
  "backdrop": {
    "value": "{relax.960}",
    "type": "color"
  },
  "Feature": {
    "value": "{sleep.300}",
    "type": "color"
  },
  "On Primary": {
    "High Emphasis": {
      "value": "{base.100}",
      "type": "color"
    },
    "Medium Emphasis": {
      "value": "{base.150}",
      "type": "color"
    },
    "Low Emphasis": {
      "value": "{base.170}",
      "type": "color"
    },
    "Minimum Emphasis": {
      "value": "{base.110}",
      "type": "color"
    },
    "Disabled": {
      "value": "{sleep.200}",
      "type": "color"
    },
    "Signal Low": {
      "value": "{sleep.200}",
      "type": "color"
    },
    "Signal High": {
      "value": "{signal.fun}",
      "type": "color"
    },
    "Button Primary": {
      "value": "{relax.200}",
      "type": "color"
    },
    "Button Secondary": {
      "value": "{sleep.600}",
      "type": "color"
    },
    "tag": {
      "value": "{base.110}",
      "type": "color"
    }
  },
  "On Secondary": {
    "High Emphasis": {
      "value": "{base.100}",
      "type": "color"
    },
    "Medium Emphasis": {
      "value": "{base.170}",
      "type": "color"
    },
    "Low Emphasis": {
      "value": "{base.150}",
      "type": "color"
    },
    "Minimum Emphasis": {
      "value": "{base.110}",
      "type": "color"
    },
    "Disabled": {
      "value": "{base.150}",
      "type": "color"
    },
    "Signal Low": {
      "value": "{sleep.200}",
      "type": "color"
    },
    "Signal High": {
      "value": "{signal.fun}",
      "type": "color"
    },
    "Button Primary": {
      "value": "{relax.200}",
      "type": "color"
    },
    "Button Secondary": {
      "value": "{relax.600}",
      "type": "color"
    },
    "tag": {
      "value": "{base.110}",
      "type": "color"
    }
  },
  "On Feature": {
    "High Emphasis": {
      "value": "{base.100}",
      "type": "color"
    },
    "Medium Emphasis": {
      "value": "{base.170}",
      "type": "color"
    },
    "Low Emphasis": {
      "value": "{base.150}",
      "type": "color"
    },
    "Disabled": {
      "value": "{sleep.200}",
      "type": "color"
    },
    "Signal High": {
      "value": "{signal.fun}",
      "type": "color"
    },
    "Signal Low": {
      "value": "{sleep.100}",
      "type": "color"
    },
    "Button Primary": {
      "value": "{relax.200}",
      "type": "color"
    },
    "Button Secondary": {
      "value": "{relax.900}",
      "type": "color"
    },
    "tag": {
      "value": "{base.150}",
      "type": "color"
    }
  }
}